link,status
https://www.linkedin.com/in/fergalmullen/,done
https://www.linkedin.com/in/forest-baskett-a5813413/,done
https://www.linkedin.com/in/peter-barris-7a44011b/,done
https://www.linkedin.com/in/arnondinur/,done
https://www.linkedin.com/in/schwenderheiko/,done
https://www.linkedin.com/in/patrickmeisberger/?originalSubdomain=de,done
https://www.linkedin.com/in/phuong-lan-dao-651503/,done
https://www.linkedin.com/in/jim-armstrong-2a7702/,done
https://www.linkedin.com/in/sumantmandal/,done
https://www.linkedin.com/in/suaadsait/,done
https://www.linkedin.com/in/lukewalling/,done
https://www.linkedin.com/in/oahzrh/,done
https://www.linkedin.com/in/manugupta/,done
https://www.linkedin.com/in/russell-fleischer-37333934/,done
https://www.linkedin.com/in/themikewalsh/,done
https://www.linkedin.com/in/chandna/,done
https://www.linkedin.com/in/marksiegel2/,done
https://www.linkedin.com/in/meganquinn/,done
https://www.linkedin.com/in/santopoliti/,error
https://www.linkedin.com/in/daneldayan/,done
